transaction_id,sale_date,sale_time,customer_id,gender,age,category,quantity,price_per_unit,cogs,total_sale,profit,margin_pct
1256,2022-11-05,09:58:00,29,Male,23,Clothing,2,500.0,190.0,1000.0,810.0,81.0
180,2022-11-05,10:47:00,117,Male,41,Clothing,3,300.0,129.0,900.0,771.0,85.67
240,2022-11-05,11:49:00,95,Female,23,Beauty,1,300.0,123.0,300.0,177.0,59.0
1265,2022-11-05,14:35:00,86,Male,55,Clothing,3,300.0,111.0,900.0,789.0,87.67
214,2022-11-05,16:31:00,53,Male,20,Beauty,2,30.0,8.1,60.0,51.9,86.5
856,2022-11-05,17:43:00,102,Male,54,Electronics,4,30.0,9.3,120.0,110.7,92.25
943,2022-11-05,19:29:00,90,Female,57,Clothing,4,300.0,318.0,1200.0,882.0,73.5
1587,2022-11-05,20:06:00,140,Female,40,Beauty,4,300.0,105.0,1200.0,1095.0,91.25
1896,2022-11-05,20:19:00,87,Female,30,Electronics,2,25.0,30.75,50.0,19.25,38.5
1819,2022-11-05,20:44:00,83,Female,35,Beauty,2,50.0,13.5,100.0,86.5,86.5
1137,2022-11-05,22:34:00,104,Male,46,Beauty,2,500.0,145.0,1000.0,855.0,85.5
