month,revenue,avg_order_value
2022-01-01,22635.0,397.1
2022-02-01,16110.0,366.1
2022-03-01,24505.0,521.4
2022-04-01,28705.0,486.5
2022-05-01,24980.0,480.4
2022-06-01,20700.0,481.4
2022-07-01,22195.0,541.3
2022-08-01,21195.0,385.4
2022-09-01,61770.0,478.8
2022-10-01,68235.0,467.4
2022-11-01,68915.0,472.0
2022-12-01,72880.0,464.2
2023-01-01,23790.0,396.5
2023-02-01,25170.0,535.5
2023-03-01,20530.0,394.8
2023-04-01,21925.0,466.5
2023-05-01,27010.0,450.2
2023-06-01,24555.0,438.5
2023-07-01,35925.0,427.7
2023-08-01,28270.0,496.0
2023-09-01,67560.0,462.7
2023-10-01,57880.0,399.2
2023-11-01,57135.0,453.5
2023-12-01,69145.0,490.4
